image_name,objects,category,repeated_objects,repeated_objects_coordinates,model_size
bike.jpg,"['motorbike', 'person']","['person', 'transport']","['person', 'motorbike']","[array([[215.31717  ,  66.48491  , 320.7474   , 327.86932  ,   0.9991347]],
      dtype=float32), array([[150.61607   , 101.70455   , 346.5406    , 315.85895   ,
          0.99718744]], dtype=float32)]","(416, 416)"
bike2.jpg,"['car', 'motorbike', 'person', 'backpack']","['wearable', 'person', 'transport']","['person', 'person', 'person', 'person', 'person', 'person', 'person', 'person', 'person', 'person', 'car', 'car', 'motorbike', 'motorbike', 'motorbike', 'motorbike', 'motorbike', 'motorbike', 'motorbike', 'backpack']","[array([[191.18695   , 137.48477   , 265.04788   , 359.23596   ,
          0.99968886],
       [137.13571   , 120.860725  , 194.95871   , 336.14325   ,
          0.9995328 ],
       [ 73.68765   ,  92.31186   , 133.0467    , 307.8699    ,
          0.9992273 ],
       [271.1998    , 143.67561   , 349.6882    , 387.4488    ,
          0.9991804 ],
       [251.48122   ,  78.76178   , 300.5753    , 232.31738   ,
          0.99393255],
       [ 28.3903    ,  40.492645  ,  62.811382  , 136.26077   ,
          0.95211095],
       [156.692     ,  44.76328   , 188.10524   , 132.5942    ,
          0.94004846],
       [183.85342   ,  60.763012  , 222.7262    , 180.64938   ,
          0.92282677],
       [315.11835   ,  82.3286    , 368.04297   , 222.36922   ,
          0.8414953 ],
       [ 46.61643   ,  71.37971   ,  87.43652   , 263.27563   ,
          0.82625526]], dtype=float32), array([[191.18695   , 137.48477   , 265.04788   , 359.23596   ,
          0.99968886],
       [137.13571   , 120.860725  , 194.95871   , 336.14325   ,
          0.9995328 ],
       [ 73.68765   ,  92.31186   , 133.0467    , 307.8699    ,
          0.9992273 ],
       [271.1998    , 143.67561   , 349.6882    , 387.4488    ,
          0.9991804 ],
       [251.48122   ,  78.76178   , 300.5753    , 232.31738   ,
          0.99393255],
       [ 28.3903    ,  40.492645  ,  62.811382  , 136.26077   ,
          0.95211095],
       [156.692     ,  44.76328   , 188.10524   , 132.5942    ,
          0.94004846],
       [183.85342   ,  60.763012  , 222.7262    , 180.64938   ,
          0.92282677],
       [315.11835   ,  82.3286    , 368.04297   , 222.36922   ,
          0.8414953 ],
       [ 46.61643   ,  71.37971   ,  87.43652   , 263.27563   ,
          0.82625526]], dtype=float32), array([[191.18695   , 137.48477   , 265.04788   , 359.23596   ,
          0.99968886],
       [137.13571   , 120.860725  , 194.95871   , 336.14325   ,
          0.9995328 ],
       [ 73.68765   ,  92.31186   , 133.0467    , 307.8699    ,
          0.9992273 ],
       [271.1998    , 143.67561   , 349.6882    , 387.4488    ,
          0.9991804 ],
       [251.48122   ,  78.76178   , 300.5753    , 232.31738   ,
          0.99393255],
       [ 28.3903    ,  40.492645  ,  62.811382  , 136.26077   ,
          0.95211095],
       [156.692     ,  44.76328   , 188.10524   , 132.5942    ,
          0.94004846],
       [183.85342   ,  60.763012  , 222.7262    , 180.64938   ,
          0.92282677],
       [315.11835   ,  82.3286    , 368.04297   , 222.36922   ,
          0.8414953 ],
       [ 46.61643   ,  71.37971   ,  87.43652   , 263.27563   ,
          0.82625526]], dtype=float32), array([[191.18695   , 137.48477   , 265.04788   , 359.23596   ,
          0.99968886],
       [137.13571   , 120.860725  , 194.95871   , 336.14325   ,
          0.9995328 ],
       [ 73.68765   ,  92.31186   , 133.0467    , 307.8699    ,
          0.9992273 ],
       [271.1998    , 143.67561   , 349.6882    , 387.4488    ,
          0.9991804 ],
       [251.48122   ,  78.76178   , 300.5753    , 232.31738   ,
          0.99393255],
       [ 28.3903    ,  40.492645  ,  62.811382  , 136.26077   ,
          0.95211095],
       [156.692     ,  44.76328   , 188.10524   , 132.5942    ,
          0.94004846],
       [183.85342   ,  60.763012  , 222.7262    , 180.64938   ,
          0.92282677],
       [315.11835   ,  82.3286    , 368.04297   , 222.36922   ,
          0.8414953 ],
       [ 46.61643   ,  71.37971   ,  87.43652   , 263.27563   ,
          0.82625526]], dtype=float32), array([[191.18695   , 137.48477   , 265.04788   , 359.23596   ,
          0.99968886],
       [137.13571   , 120.860725  , 194.95871   , 336.14325   ,
          0.9995328 ],
       [ 73.68765   ,  92.31186   , 133.0467    , 307.8699    ,
          0.9992273 ],
       [271.1998    , 143.67561   , 349.6882    , 387.4488    ,
          0.9991804 ],
       [251.48122   ,  78.76178   , 300.5753    , 232.31738   ,
          0.99393255],
       [ 28.3903    ,  40.492645  ,  62.811382  , 136.26077   ,
          0.95211095],
       [156.692     ,  44.76328   , 188.10524   , 132.5942    ,
          0.94004846],
       [183.85342   ,  60.763012  , 222.7262    , 180.64938   ,
          0.92282677],
       [315.11835   ,  82.3286    , 368.04297   , 222.36922   ,
          0.8414953 ],
       [ 46.61643   ,  71.37971   ,  87.43652   , 263.27563   ,
          0.82625526]], dtype=float32), array([[191.18695   , 137.48477   , 265.04788   , 359.23596   ,
          0.99968886],
       [137.13571   , 120.860725  , 194.95871   , 336.14325   ,
          0.9995328 ],
       [ 73.68765   ,  92.31186   , 133.0467    , 307.8699    ,
          0.9992273 ],
       [271.1998    , 143.67561   , 349.6882    , 387.4488    ,
          0.9991804 ],
       [251.48122   ,  78.76178   , 300.5753    , 232.31738   ,
          0.99393255],
       [ 28.3903    ,  40.492645  ,  62.811382  , 136.26077   ,
          0.95211095],
       [156.692     ,  44.76328   , 188.10524   , 132.5942    ,
          0.94004846],
       [183.85342   ,  60.763012  , 222.7262    , 180.64938   ,
          0.92282677],
       [315.11835   ,  82.3286    , 368.04297   , 222.36922   ,
          0.8414953 ],
       [ 46.61643   ,  71.37971   ,  87.43652   , 263.27563   ,
          0.82625526]], dtype=float32), array([[191.18695   , 137.48477   , 265.04788   , 359.23596   ,
          0.99968886],
       [137.13571   , 120.860725  , 194.95871   , 336.14325   ,
          0.9995328 ],
       [ 73.68765   ,  92.31186   , 133.0467    , 307.8699    ,
          0.9992273 ],
       [271.1998    , 143.67561   , 349.6882    , 387.4488    ,
          0.9991804 ],
       [251.48122   ,  78.76178   , 300.5753    , 232.31738   ,
          0.99393255],
       [ 28.3903    ,  40.492645  ,  62.811382  , 136.26077   ,
          0.95211095],
       [156.692     ,  44.76328   , 188.10524   , 132.5942    ,
          0.94004846],
       [183.85342   ,  60.763012  , 222.7262    , 180.64938   ,
          0.92282677],
       [315.11835   ,  82.3286    , 368.04297   , 222.36922   ,
          0.8414953 ],
       [ 46.61643   ,  71.37971   ,  87.43652   , 263.27563   ,
          0.82625526]], dtype=float32), array([[191.18695   , 137.48477   , 265.04788   , 359.23596   ,
          0.99968886],
       [137.13571   , 120.860725  , 194.95871   , 336.14325   ,
          0.9995328 ],
       [ 73.68765   ,  92.31186   , 133.0467    , 307.8699    ,
          0.9992273 ],
       [271.1998    , 143.67561   , 349.6882    , 387.4488    ,
          0.9991804 ],
       [251.48122   ,  78.76178   , 300.5753    , 232.31738   ,
          0.99393255],
       [ 28.3903    ,  40.492645  ,  62.811382  , 136.26077   ,
          0.95211095],
       [156.692     ,  44.76328   , 188.10524   , 132.5942    ,
          0.94004846],
       [183.85342   ,  60.763012  , 222.7262    , 180.64938   ,
          0.92282677],
       [315.11835   ,  82.3286    , 368.04297   , 222.36922   ,
          0.8414953 ],
       [ 46.61643   ,  71.37971   ,  87.43652   , 263.27563   ,
          0.82625526]], dtype=float32), array([[191.18695   , 137.48477   , 265.04788   , 359.23596   ,
          0.99968886],
       [137.13571   , 120.860725  , 194.95871   , 336.14325   ,
          0.9995328 ],
       [ 73.68765   ,  92.31186   , 133.0467    , 307.8699    ,
          0.9992273 ],
       [271.1998    , 143.67561   , 349.6882    , 387.4488    ,
          0.9991804 ],
       [251.48122   ,  78.76178   , 300.5753    , 232.31738   ,
          0.99393255],
       [ 28.3903    ,  40.492645  ,  62.811382  , 136.26077   ,
          0.95211095],
       [156.692     ,  44.76328   , 188.10524   , 132.5942    ,
          0.94004846],
       [183.85342   ,  60.763012  , 222.7262    , 180.64938   ,
          0.92282677],
       [315.11835   ,  82.3286    , 368.04297   , 222.36922   ,
          0.8414953 ],
       [ 46.61643   ,  71.37971   ,  87.43652   , 263.27563   ,
          0.82625526]], dtype=float32), array([[191.18695   , 137.48477   , 265.04788   , 359.23596   ,
          0.99968886],
       [137.13571   , 120.860725  , 194.95871   , 336.14325   ,
          0.9995328 ],
       [ 73.68765   ,  92.31186   , 133.0467    , 307.8699    ,
          0.9992273 ],
       [271.1998    , 143.67561   , 349.6882    , 387.4488    ,
          0.9991804 ],
       [251.48122   ,  78.76178   , 300.5753    , 232.31738   ,
          0.99393255],
       [ 28.3903    ,  40.492645  ,  62.811382  , 136.26077   ,
          0.95211095],
       [156.692     ,  44.76328   , 188.10524   , 132.5942    ,
          0.94004846],
       [183.85342   ,  60.763012  , 222.7262    , 180.64938   ,
          0.92282677],
       [315.11835   ,  82.3286    , 368.04297   , 222.36922   ,
          0.8414953 ],
       [ 46.61643   ,  71.37971   ,  87.43652   , 263.27563   ,
          0.82625526]], dtype=float32), array([[143.73448   ,   0.9563432 , 244.803     ,  16.585165  ,
          0.92679125],
       [ 11.9855995 ,   0.9029894 , 108.08864   ,  24.420364  ,
          0.7437322 ]], dtype=float32), array([[143.73448   ,   0.9563432 , 244.803     ,  16.585165  ,
          0.92679125],
       [ 11.9855995 ,   0.9029894 , 108.08864   ,  24.420364  ,
          0.7437322 ]], dtype=float32), array([[162.44746   , 216.58095   , 207.09486   , 339.69977   ,
          0.93019485],
       [138.09976   , 141.74066   , 195.85834   , 346.77542   ,
          0.9174287 ],
       [ 80.5527    , 191.69887   , 132.94695   , 307.21945   ,
          0.7699603 ],
       [200.91133   , 230.08197   , 265.2296    , 364.71613   ,
          0.7518897 ],
       [286.79208   , 252.39912   , 344.47012   , 404.859     ,
          0.7323842 ],
       [  9.226469  , 136.1116    ,  67.94488   , 265.24387   ,
          0.7157981 ],
       [325.86234   , 146.39752   , 403.1182    , 279.84296   ,
          0.6571898 ]], dtype=float32), array([[162.44746   , 216.58095   , 207.09486   , 339.69977   ,
          0.93019485],
       [138.09976   , 141.74066   , 195.85834   , 346.77542   ,
          0.9174287 ],
       [ 80.5527    , 191.69887   , 132.94695   , 307.21945   ,
          0.7699603 ],
       [200.91133   , 230.08197   , 265.2296    , 364.71613   ,
          0.7518897 ],
       [286.79208   , 252.39912   , 344.47012   , 404.859     ,
          0.7323842 ],
       [  9.226469  , 136.1116    ,  67.94488   , 265.24387   ,
          0.7157981 ],
       [325.86234   , 146.39752   , 403.1182    , 279.84296   ,
          0.6571898 ]], dtype=float32), array([[162.44746   , 216.58095   , 207.09486   , 339.69977   ,
          0.93019485],
       [138.09976   , 141.74066   , 195.85834   , 346.77542   ,
          0.9174287 ],
       [ 80.5527    , 191.69887   , 132.94695   , 307.21945   ,
          0.7699603 ],
       [200.91133   , 230.08197   , 265.2296    , 364.71613   ,
          0.7518897 ],
       [286.79208   , 252.39912   , 344.47012   , 404.859     ,
          0.7323842 ],
       [  9.226469  , 136.1116    ,  67.94488   , 265.24387   ,
          0.7157981 ],
       [325.86234   , 146.39752   , 403.1182    , 279.84296   ,
          0.6571898 ]], dtype=float32), array([[162.44746   , 216.58095   , 207.09486   , 339.69977   ,
          0.93019485],
       [138.09976   , 141.74066   , 195.85834   , 346.77542   ,
          0.9174287 ],
       [ 80.5527    , 191.69887   , 132.94695   , 307.21945   ,
          0.7699603 ],
       [200.91133   , 230.08197   , 265.2296    , 364.71613   ,
          0.7518897 ],
       [286.79208   , 252.39912   , 344.47012   , 404.859     ,
          0.7323842 ],
       [  9.226469  , 136.1116    ,  67.94488   , 265.24387   ,
          0.7157981 ],
       [325.86234   , 146.39752   , 403.1182    , 279.84296   ,
          0.6571898 ]], dtype=float32), array([[162.44746   , 216.58095   , 207.09486   , 339.69977   ,
          0.93019485],
       [138.09976   , 141.74066   , 195.85834   , 346.77542   ,
          0.9174287 ],
       [ 80.5527    , 191.69887   , 132.94695   , 307.21945   ,
          0.7699603 ],
       [200.91133   , 230.08197   , 265.2296    , 364.71613   ,
          0.7518897 ],
       [286.79208   , 252.39912   , 344.47012   , 404.859     ,
          0.7323842 ],
       [  9.226469  , 136.1116    ,  67.94488   , 265.24387   ,
          0.7157981 ],
       [325.86234   , 146.39752   , 403.1182    , 279.84296   ,
          0.6571898 ]], dtype=float32), array([[162.44746   , 216.58095   , 207.09486   , 339.69977   ,
          0.93019485],
       [138.09976   , 141.74066   , 195.85834   , 346.77542   ,
          0.9174287 ],
       [ 80.5527    , 191.69887   , 132.94695   , 307.21945   ,
          0.7699603 ],
       [200.91133   , 230.08197   , 265.2296    , 364.71613   ,
          0.7518897 ],
       [286.79208   , 252.39912   , 344.47012   , 404.859     ,
          0.7323842 ],
       [  9.226469  , 136.1116    ,  67.94488   , 265.24387   ,
          0.7157981 ],
       [325.86234   , 146.39752   , 403.1182    , 279.84296   ,
          0.6571898 ]], dtype=float32), array([[162.44746   , 216.58095   , 207.09486   , 339.69977   ,
          0.93019485],
       [138.09976   , 141.74066   , 195.85834   , 346.77542   ,
          0.9174287 ],
       [ 80.5527    , 191.69887   , 132.94695   , 307.21945   ,
          0.7699603 ],
       [200.91133   , 230.08197   , 265.2296    , 364.71613   ,
          0.7518897 ],
       [286.79208   , 252.39912   , 344.47012   , 404.859     ,
          0.7323842 ],
       [  9.226469  , 136.1116    ,  67.94488   , 265.24387   ,
          0.7157981 ],
       [325.86234   , 146.39752   , 403.1182    , 279.84296   ,
          0.6571898 ]], dtype=float32), array([[310.51297  , 198.43724  , 339.488    , 266.75043  ,   0.5905749]],
      dtype=float32)]",
bike3.jpg,"['car', 'motorbike', 'person', 'bus']","['person', 'transport']","['person', 'person', 'person', 'person', 'person', 'person', 'person', 'person', 'person', 'person', 'car', 'motorbike', 'motorbike', 'motorbike', 'motorbike', 'motorbike', 'bus', 'bus']","[array([[214.96106   ,  84.355705  , 290.92474   , 223.20602   ,
          0.9997085 ],
       [269.146     , 119.160515  , 395.26898   , 362.854     ,
          0.9996462 ],
       [ 93.363235  ,  94.65476   , 155.18288   , 212.27396   ,
          0.99879944],
       [  8.009977  ,  79.147964  ,  71.42762   , 284.46454   ,
          0.985898  ],
       [314.62918   ,  60.466244  , 352.45236   , 141.65121   ,
          0.95438987],
       [136.3568    ,  97.531555  , 239.11223   , 364.1412    ,
          0.9484636 ],
       [  6.6350327 ,  83.18155   ,  70.683624  , 186.72345   ,
          0.8829873 ],
       [351.3695    ,  65.50299   , 370.1972    , 179.86255   ,
          0.79722977],
       [379.64062   ,  67.775154  , 415.57086   , 238.56613   ,
          0.7539485 ],
       [366.93634   ,  61.051693  , 386.4641    , 185.68474   ,
          0.7446414 ]], dtype=float32), array([[214.96106   ,  84.355705  , 290.92474   , 223.20602   ,
          0.9997085 ],
       [269.146     , 119.160515  , 395.26898   , 362.854     ,
          0.9996462 ],
       [ 93.363235  ,  94.65476   , 155.18288   , 212.27396   ,
          0.99879944],
       [  8.009977  ,  79.147964  ,  71.42762   , 284.46454   ,
          0.985898  ],
       [314.62918   ,  60.466244  , 352.45236   , 141.65121   ,
          0.95438987],
       [136.3568    ,  97.531555  , 239.11223   , 364.1412    ,
          0.9484636 ],
       [  6.6350327 ,  83.18155   ,  70.683624  , 186.72345   ,
          0.8829873 ],
       [351.3695    ,  65.50299   , 370.1972    , 179.86255   ,
          0.79722977],
       [379.64062   ,  67.775154  , 415.57086   , 238.56613   ,
          0.7539485 ],
       [366.93634   ,  61.051693  , 386.4641    , 185.68474   ,
          0.7446414 ]], dtype=float32), array([[214.96106   ,  84.355705  , 290.92474   , 223.20602   ,
          0.9997085 ],
       [269.146     , 119.160515  , 395.26898   , 362.854     ,
          0.9996462 ],
       [ 93.363235  ,  94.65476   , 155.18288   , 212.27396   ,
          0.99879944],
       [  8.009977  ,  79.147964  ,  71.42762   , 284.46454   ,
          0.985898  ],
       [314.62918   ,  60.466244  , 352.45236   , 141.65121   ,
          0.95438987],
       [136.3568    ,  97.531555  , 239.11223   , 364.1412    ,
          0.9484636 ],
       [  6.6350327 ,  83.18155   ,  70.683624  , 186.72345   ,
          0.8829873 ],
       [351.3695    ,  65.50299   , 370.1972    , 179.86255   ,
          0.79722977],
       [379.64062   ,  67.775154  , 415.57086   , 238.56613   ,
          0.7539485 ],
       [366.93634   ,  61.051693  , 386.4641    , 185.68474   ,
          0.7446414 ]], dtype=float32), array([[214.96106   ,  84.355705  , 290.92474   , 223.20602   ,
          0.9997085 ],
       [269.146     , 119.160515  , 395.26898   , 362.854     ,
          0.9996462 ],
       [ 93.363235  ,  94.65476   , 155.18288   , 212.27396   ,
          0.99879944],
       [  8.009977  ,  79.147964  ,  71.42762   , 284.46454   ,
          0.985898  ],
       [314.62918   ,  60.466244  , 352.45236   , 141.65121   ,
          0.95438987],
       [136.3568    ,  97.531555  , 239.11223   , 364.1412    ,
          0.9484636 ],
       [  6.6350327 ,  83.18155   ,  70.683624  , 186.72345   ,
          0.8829873 ],
       [351.3695    ,  65.50299   , 370.1972    , 179.86255   ,
          0.79722977],
       [379.64062   ,  67.775154  , 415.57086   , 238.56613   ,
          0.7539485 ],
       [366.93634   ,  61.051693  , 386.4641    , 185.68474   ,
          0.7446414 ]], dtype=float32), array([[214.96106   ,  84.355705  , 290.92474   , 223.20602   ,
          0.9997085 ],
       [269.146     , 119.160515  , 395.26898   , 362.854     ,
          0.9996462 ],
       [ 93.363235  ,  94.65476   , 155.18288   , 212.27396   ,
          0.99879944],
       [  8.009977  ,  79.147964  ,  71.42762   , 284.46454   ,
          0.985898  ],
       [314.62918   ,  60.466244  , 352.45236   , 141.65121   ,
          0.95438987],
       [136.3568    ,  97.531555  , 239.11223   , 364.1412    ,
          0.9484636 ],
       [  6.6350327 ,  83.18155   ,  70.683624  , 186.72345   ,
          0.8829873 ],
       [351.3695    ,  65.50299   , 370.1972    , 179.86255   ,
          0.79722977],
       [379.64062   ,  67.775154  , 415.57086   , 238.56613   ,
          0.7539485 ],
       [366.93634   ,  61.051693  , 386.4641    , 185.68474   ,
          0.7446414 ]], dtype=float32), array([[214.96106   ,  84.355705  , 290.92474   , 223.20602   ,
          0.9997085 ],
       [269.146     , 119.160515  , 395.26898   , 362.854     ,
          0.9996462 ],
       [ 93.363235  ,  94.65476   , 155.18288   , 212.27396   ,
          0.99879944],
       [  8.009977  ,  79.147964  ,  71.42762   , 284.46454   ,
          0.985898  ],
       [314.62918   ,  60.466244  , 352.45236   , 141.65121   ,
          0.95438987],
       [136.3568    ,  97.531555  , 239.11223   , 364.1412    ,
          0.9484636 ],
       [  6.6350327 ,  83.18155   ,  70.683624  , 186.72345   ,
          0.8829873 ],
       [351.3695    ,  65.50299   , 370.1972    , 179.86255   ,
          0.79722977],
       [379.64062   ,  67.775154  , 415.57086   , 238.56613   ,
          0.7539485 ],
       [366.93634   ,  61.051693  , 386.4641    , 185.68474   ,
          0.7446414 ]], dtype=float32), array([[214.96106   ,  84.355705  , 290.92474   , 223.20602   ,
          0.9997085 ],
       [269.146     , 119.160515  , 395.26898   , 362.854     ,
          0.9996462 ],
       [ 93.363235  ,  94.65476   , 155.18288   , 212.27396   ,
          0.99879944],
       [  8.009977  ,  79.147964  ,  71.42762   , 284.46454   ,
          0.985898  ],
       [314.62918   ,  60.466244  , 352.45236   , 141.65121   ,
          0.95438987],
       [136.3568    ,  97.531555  , 239.11223   , 364.1412    ,
          0.9484636 ],
       [  6.6350327 ,  83.18155   ,  70.683624  , 186.72345   ,
          0.8829873 ],
       [351.3695    ,  65.50299   , 370.1972    , 179.86255   ,
          0.79722977],
       [379.64062   ,  67.775154  , 415.57086   , 238.56613   ,
          0.7539485 ],
       [366.93634   ,  61.051693  , 386.4641    , 185.68474   ,
          0.7446414 ]], dtype=float32), array([[214.96106   ,  84.355705  , 290.92474   , 223.20602   ,
          0.9997085 ],
       [269.146     , 119.160515  , 395.26898   , 362.854     ,
          0.9996462 ],
       [ 93.363235  ,  94.65476   , 155.18288   , 212.27396   ,
          0.99879944],
       [  8.009977  ,  79.147964  ,  71.42762   , 284.46454   ,
          0.985898  ],
       [314.62918   ,  60.466244  , 352.45236   , 141.65121   ,
          0.95438987],
       [136.3568    ,  97.531555  , 239.11223   , 364.1412    ,
          0.9484636 ],
       [  6.6350327 ,  83.18155   ,  70.683624  , 186.72345   ,
          0.8829873 ],
       [351.3695    ,  65.50299   , 370.1972    , 179.86255   ,
          0.79722977],
       [379.64062   ,  67.775154  , 415.57086   , 238.56613   ,
          0.7539485 ],
       [366.93634   ,  61.051693  , 386.4641    , 185.68474   ,
          0.7446414 ]], dtype=float32), array([[214.96106   ,  84.355705  , 290.92474   , 223.20602   ,
          0.9997085 ],
       [269.146     , 119.160515  , 395.26898   , 362.854     ,
          0.9996462 ],
       [ 93.363235  ,  94.65476   , 155.18288   , 212.27396   ,
          0.99879944],
       [  8.009977  ,  79.147964  ,  71.42762   , 284.46454   ,
          0.985898  ],
       [314.62918   ,  60.466244  , 352.45236   , 141.65121   ,
          0.95438987],
       [136.3568    ,  97.531555  , 239.11223   , 364.1412    ,
          0.9484636 ],
       [  6.6350327 ,  83.18155   ,  70.683624  , 186.72345   ,
          0.8829873 ],
       [351.3695    ,  65.50299   , 370.1972    , 179.86255   ,
          0.79722977],
       [379.64062   ,  67.775154  , 415.57086   , 238.56613   ,
          0.7539485 ],
       [366.93634   ,  61.051693  , 386.4641    , 185.68474   ,
          0.7446414 ]], dtype=float32), array([[214.96106   ,  84.355705  , 290.92474   , 223.20602   ,
          0.9997085 ],
       [269.146     , 119.160515  , 395.26898   , 362.854     ,
          0.9996462 ],
       [ 93.363235  ,  94.65476   , 155.18288   , 212.27396   ,
          0.99879944],
       [  8.009977  ,  79.147964  ,  71.42762   , 284.46454   ,
          0.985898  ],
       [314.62918   ,  60.466244  , 352.45236   , 141.65121   ,
          0.95438987],
       [136.3568    ,  97.531555  , 239.11223   , 364.1412    ,
          0.9484636 ],
       [  6.6350327 ,  83.18155   ,  70.683624  , 186.72345   ,
          0.8829873 ],
       [351.3695    ,  65.50299   , 370.1972    , 179.86255   ,
          0.79722977],
       [379.64062   ,  67.775154  , 415.57086   , 238.56613   ,
          0.7539485 ],
       [366.93634   ,  61.051693  , 386.4641    , 185.68474   ,
          0.7446414 ]], dtype=float32), array([[169.8347   ,  58.79931  , 232.62602  , 148.43768  ,   0.7652436]],
      dtype=float32), array([[144.36324   , 186.20366   , 251.26414   , 381.75208   ,
          0.99618846],
       [269.15555   , 180.74884   , 393.76517   , 373.8819    ,
          0.99415237],
       [  8.579372  , 145.82445   ,  68.88791   , 286.6172    ,
          0.96683717],
       [ 99.42197   , 132.41905   , 150.26938   , 270.1145    ,
          0.8541047 ],
       [219.09262   , 196.71149   , 279.50626   , 366.41895   ,
          0.5532477 ]], dtype=float32), array([[144.36324   , 186.20366   , 251.26414   , 381.75208   ,
          0.99618846],
       [269.15555   , 180.74884   , 393.76517   , 373.8819    ,
          0.99415237],
       [  8.579372  , 145.82445   ,  68.88791   , 286.6172    ,
          0.96683717],
       [ 99.42197   , 132.41905   , 150.26938   , 270.1145    ,
          0.8541047 ],
       [219.09262   , 196.71149   , 279.50626   , 366.41895   ,
          0.5532477 ]], dtype=float32), array([[144.36324   , 186.20366   , 251.26414   , 381.75208   ,
          0.99618846],
       [269.15555   , 180.74884   , 393.76517   , 373.8819    ,
          0.99415237],
       [  8.579372  , 145.82445   ,  68.88791   , 286.6172    ,
          0.96683717],
       [ 99.42197   , 132.41905   , 150.26938   , 270.1145    ,
          0.8541047 ],
       [219.09262   , 196.71149   , 279.50626   , 366.41895   ,
          0.5532477 ]], dtype=float32), array([[144.36324   , 186.20366   , 251.26414   , 381.75208   ,
          0.99618846],
       [269.15555   , 180.74884   , 393.76517   , 373.8819    ,
          0.99415237],
       [  8.579372  , 145.82445   ,  68.88791   , 286.6172    ,
          0.96683717],
       [ 99.42197   , 132.41905   , 150.26938   , 270.1145    ,
          0.8541047 ],
       [219.09262   , 196.71149   , 279.50626   , 366.41895   ,
          0.5532477 ]], dtype=float32), array([[144.36324   , 186.20366   , 251.26414   , 381.75208   ,
          0.99618846],
       [269.15555   , 180.74884   , 393.76517   , 373.8819    ,
          0.99415237],
       [  8.579372  , 145.82445   ,  68.88791   , 286.6172    ,
          0.96683717],
       [ 99.42197   , 132.41905   , 150.26938   , 270.1145    ,
          0.8541047 ],
       [219.09262   , 196.71149   , 279.50626   , 366.41895   ,
          0.5532477 ]], dtype=float32), array([[244.41214   ,  36.134045  , 338.0184    , 127.227554  ,
          0.92864126],
       [ -1.2370815 ,   9.216011  ,  54.636665  ,  71.64531   ,
          0.63449925]], dtype=float32), array([[244.41214   ,  36.134045  , 338.0184    , 127.227554  ,
          0.92864126],
       [ -1.2370815 ,   9.216011  ,  54.636665  ,  71.64531   ,
          0.63449925]], dtype=float32)]",
cat.jpg,"['bed', 'cat']","['animal', 'furniture']","['cat', 'bed']","[array([[118.91197  ,  20.446396 , 366.0003   , 390.24908  ,   0.9927246]],
      dtype=float32), array([[ 22.553299 , 137.28415  , 395.30994  , 413.94943  ,   0.7813887]],
      dtype=float32)]",
cat2.jpg,"['person', 'cat']","['person', 'animal']","['person', 'person', 'cat', 'cat']","[array([[ 62.34414  ,  17.049911 , 294.2313   , 344.15063  ,   0.950703 ],
       [325.50937  ,  53.481956 , 355.40817  , 132.29483  ,   0.7915814]],
      dtype=float32), array([[ 62.34414  ,  17.049911 , 294.2313   , 344.15063  ,   0.950703 ],
       [325.50937  ,  53.481956 , 355.40817  , 132.29483  ,   0.7915814]],
      dtype=float32), array([[122.624565  , 162.22964   , 305.02463   , 424.2028    ,
          0.9434962 ],
       [ 78.72635   ,  36.110916  , 336.52155   , 431.77057   ,
          0.53085726]], dtype=float32), array([[122.624565  , 162.22964   , 305.02463   , 424.2028    ,
          0.9434962 ],
       [ 78.72635   ,  36.110916  , 336.52155   , 431.77057   ,
          0.53085726]], dtype=float32)]",
city.jpg,"['car', 'truck', 'traffic light', 'person', 'handbag', 'bus']","['wearable', 'person', 'transport']","['person', 'person', 'person', 'person', 'person', 'person', 'person', 'person', 'person', 'person', 'car', 'car', 'car', 'car', 'car', 'bus', 'bus', 'truck', 'traffic light', 'traffic light', 'traffic light', 'traffic light', 'traffic light', 'handbag']","[array([[340.6137    , 281.9729    , 371.4229    , 410.94055   ,
          0.98757243],
       [ 93.757195  , 280.9793    , 105.99952   , 336.00623   ,
          0.972201  ],
       [260.6676    , 279.71286   , 279.56512   , 379.43094   ,
          0.9706896 ],
       [ 22.950134  , 287.20117   ,  57.31169   , 408.5866    ,
          0.96346927],
       [ 70.65497   , 281.31354   ,  82.78104   , 334.66602   ,
          0.94204223],
       [366.0957    , 276.6803    , 377.62415   , 340.813     ,
          0.9214185 ],
       [109.59676   , 280.85016   , 119.73188   , 337.68378   ,
          0.9032631 ],
       [ 61.331482  , 282.03638   ,  70.913315  , 334.05426   ,
          0.80960476],
       [380.11575   , 273.6099    , 391.26968   , 344.2225    ,
          0.7938415 ],
       [ 86.33277   , 278.60303   ,  94.538795  , 334.64697   ,
          0.6544842 ]], dtype=float32), array([[340.6137    , 281.9729    , 371.4229    , 410.94055   ,
          0.98757243],
       [ 93.757195  , 280.9793    , 105.99952   , 336.00623   ,
          0.972201  ],
       [260.6676    , 279.71286   , 279.56512   , 379.43094   ,
          0.9706896 ],
       [ 22.950134  , 287.20117   ,  57.31169   , 408.5866    ,
          0.96346927],
       [ 70.65497   , 281.31354   ,  82.78104   , 334.66602   ,
          0.94204223],
       [366.0957    , 276.6803    , 377.62415   , 340.813     ,
          0.9214185 ],
       [109.59676   , 280.85016   , 119.73188   , 337.68378   ,
          0.9032631 ],
       [ 61.331482  , 282.03638   ,  70.913315  , 334.05426   ,
          0.80960476],
       [380.11575   , 273.6099    , 391.26968   , 344.2225    ,
          0.7938415 ],
       [ 86.33277   , 278.60303   ,  94.538795  , 334.64697   ,
          0.6544842 ]], dtype=float32), array([[340.6137    , 281.9729    , 371.4229    , 410.94055   ,
          0.98757243],
       [ 93.757195  , 280.9793    , 105.99952   , 336.00623   ,
          0.972201  ],
       [260.6676    , 279.71286   , 279.56512   , 379.43094   ,
          0.9706896 ],
       [ 22.950134  , 287.20117   ,  57.31169   , 408.5866    ,
          0.96346927],
       [ 70.65497   , 281.31354   ,  82.78104   , 334.66602   ,
          0.94204223],
       [366.0957    , 276.6803    , 377.62415   , 340.813     ,
          0.9214185 ],
       [109.59676   , 280.85016   , 119.73188   , 337.68378   ,
          0.9032631 ],
       [ 61.331482  , 282.03638   ,  70.913315  , 334.05426   ,
          0.80960476],
       [380.11575   , 273.6099    , 391.26968   , 344.2225    ,
          0.7938415 ],
       [ 86.33277   , 278.60303   ,  94.538795  , 334.64697   ,
          0.6544842 ]], dtype=float32), array([[340.6137    , 281.9729    , 371.4229    , 410.94055   ,
          0.98757243],
       [ 93.757195  , 280.9793    , 105.99952   , 336.00623   ,
          0.972201  ],
       [260.6676    , 279.71286   , 279.56512   , 379.43094   ,
          0.9706896 ],
       [ 22.950134  , 287.20117   ,  57.31169   , 408.5866    ,
          0.96346927],
       [ 70.65497   , 281.31354   ,  82.78104   , 334.66602   ,
          0.94204223],
       [366.0957    , 276.6803    , 377.62415   , 340.813     ,
          0.9214185 ],
       [109.59676   , 280.85016   , 119.73188   , 337.68378   ,
          0.9032631 ],
       [ 61.331482  , 282.03638   ,  70.913315  , 334.05426   ,
          0.80960476],
       [380.11575   , 273.6099    , 391.26968   , 344.2225    ,
          0.7938415 ],
       [ 86.33277   , 278.60303   ,  94.538795  , 334.64697   ,
          0.6544842 ]], dtype=float32), array([[340.6137    , 281.9729    , 371.4229    , 410.94055   ,
          0.98757243],
       [ 93.757195  , 280.9793    , 105.99952   , 336.00623   ,
          0.972201  ],
       [260.6676    , 279.71286   , 279.56512   , 379.43094   ,
          0.9706896 ],
       [ 22.950134  , 287.20117   ,  57.31169   , 408.5866    ,
          0.96346927],
       [ 70.65497   , 281.31354   ,  82.78104   , 334.66602   ,
          0.94204223],
       [366.0957    , 276.6803    , 377.62415   , 340.813     ,
          0.9214185 ],
       [109.59676   , 280.85016   , 119.73188   , 337.68378   ,
          0.9032631 ],
       [ 61.331482  , 282.03638   ,  70.913315  , 334.05426   ,
          0.80960476],
       [380.11575   , 273.6099    , 391.26968   , 344.2225    ,
          0.7938415 ],
       [ 86.33277   , 278.60303   ,  94.538795  , 334.64697   ,
          0.6544842 ]], dtype=float32), array([[340.6137    , 281.9729    , 371.4229    , 410.94055   ,
          0.98757243],
       [ 93.757195  , 280.9793    , 105.99952   , 336.00623   ,
          0.972201  ],
       [260.6676    , 279.71286   , 279.56512   , 379.43094   ,
          0.9706896 ],
       [ 22.950134  , 287.20117   ,  57.31169   , 408.5866    ,
          0.96346927],
       [ 70.65497   , 281.31354   ,  82.78104   , 334.66602   ,
          0.94204223],
       [366.0957    , 276.6803    , 377.62415   , 340.813     ,
          0.9214185 ],
       [109.59676   , 280.85016   , 119.73188   , 337.68378   ,
          0.9032631 ],
       [ 61.331482  , 282.03638   ,  70.913315  , 334.05426   ,
          0.80960476],
       [380.11575   , 273.6099    , 391.26968   , 344.2225    ,
          0.7938415 ],
       [ 86.33277   , 278.60303   ,  94.538795  , 334.64697   ,
          0.6544842 ]], dtype=float32), array([[340.6137    , 281.9729    , 371.4229    , 410.94055   ,
          0.98757243],
       [ 93.757195  , 280.9793    , 105.99952   , 336.00623   ,
          0.972201  ],
       [260.6676    , 279.71286   , 279.56512   , 379.43094   ,
          0.9706896 ],
       [ 22.950134  , 287.20117   ,  57.31169   , 408.5866    ,
          0.96346927],
       [ 70.65497   , 281.31354   ,  82.78104   , 334.66602   ,
          0.94204223],
       [366.0957    , 276.6803    , 377.62415   , 340.813     ,
          0.9214185 ],
       [109.59676   , 280.85016   , 119.73188   , 337.68378   ,
          0.9032631 ],
       [ 61.331482  , 282.03638   ,  70.913315  , 334.05426   ,
          0.80960476],
       [380.11575   , 273.6099    , 391.26968   , 344.2225    ,
          0.7938415 ],
       [ 86.33277   , 278.60303   ,  94.538795  , 334.64697   ,
          0.6544842 ]], dtype=float32), array([[340.6137    , 281.9729    , 371.4229    , 410.94055   ,
          0.98757243],
       [ 93.757195  , 280.9793    , 105.99952   , 336.00623   ,
          0.972201  ],
       [260.6676    , 279.71286   , 279.56512   , 379.43094   ,
          0.9706896 ],
       [ 22.950134  , 287.20117   ,  57.31169   , 408.5866    ,
          0.96346927],
       [ 70.65497   , 281.31354   ,  82.78104   , 334.66602   ,
          0.94204223],
       [366.0957    , 276.6803    , 377.62415   , 340.813     ,
          0.9214185 ],
       [109.59676   , 280.85016   , 119.73188   , 337.68378   ,
          0.9032631 ],
       [ 61.331482  , 282.03638   ,  70.913315  , 334.05426   ,
          0.80960476],
       [380.11575   , 273.6099    , 391.26968   , 344.2225    ,
          0.7938415 ],
       [ 86.33277   , 278.60303   ,  94.538795  , 334.64697   ,
          0.6544842 ]], dtype=float32), array([[340.6137    , 281.9729    , 371.4229    , 410.94055   ,
          0.98757243],
       [ 93.757195  , 280.9793    , 105.99952   , 336.00623   ,
          0.972201  ],
       [260.6676    , 279.71286   , 279.56512   , 379.43094   ,
          0.9706896 ],
       [ 22.950134  , 287.20117   ,  57.31169   , 408.5866    ,
          0.96346927],
       [ 70.65497   , 281.31354   ,  82.78104   , 334.66602   ,
          0.94204223],
       [366.0957    , 276.6803    , 377.62415   , 340.813     ,
          0.9214185 ],
       [109.59676   , 280.85016   , 119.73188   , 337.68378   ,
          0.9032631 ],
       [ 61.331482  , 282.03638   ,  70.913315  , 334.05426   ,
          0.80960476],
       [380.11575   , 273.6099    , 391.26968   , 344.2225    ,
          0.7938415 ],
       [ 86.33277   , 278.60303   ,  94.538795  , 334.64697   ,
          0.6544842 ]], dtype=float32), array([[340.6137    , 281.9729    , 371.4229    , 410.94055   ,
          0.98757243],
       [ 93.757195  , 280.9793    , 105.99952   , 336.00623   ,
          0.972201  ],
       [260.6676    , 279.71286   , 279.56512   , 379.43094   ,
          0.9706896 ],
       [ 22.950134  , 287.20117   ,  57.31169   , 408.5866    ,
          0.96346927],
       [ 70.65497   , 281.31354   ,  82.78104   , 334.66602   ,
          0.94204223],
       [366.0957    , 276.6803    , 377.62415   , 340.813     ,
          0.9214185 ],
       [109.59676   , 280.85016   , 119.73188   , 337.68378   ,
          0.9032631 ],
       [ 61.331482  , 282.03638   ,  70.913315  , 334.05426   ,
          0.80960476],
       [380.11575   , 273.6099    , 391.26968   , 344.2225    ,
          0.7938415 ],
       [ 86.33277   , 278.60303   ,  94.538795  , 334.64697   ,
          0.6544842 ]], dtype=float32), array([[134.03494   , 278.00552   , 169.81714   , 345.24826   ,
          0.99277216],
       [187.4922    , 274.2158    , 210.9257    , 329.51913   ,
          0.9786581 ],
       [167.3535    , 286.1061    , 187.92366   , 334.8052    ,
          0.93631375],
       [296.41806   , 271.7568    , 336.61874   , 343.38486   ,
          0.9071987 ],
       [221.06256   , 280.25122   , 239.3034    , 317.40668   ,
          0.89753866]], dtype=float32), array([[134.03494   , 278.00552   , 169.81714   , 345.24826   ,
          0.99277216],
       [187.4922    , 274.2158    , 210.9257    , 329.51913   ,
          0.9786581 ],
       [167.3535    , 286.1061    , 187.92366   , 334.8052    ,
          0.93631375],
       [296.41806   , 271.7568    , 336.61874   , 343.38486   ,
          0.9071987 ],
       [221.06256   , 280.25122   , 239.3034    , 317.40668   ,
          0.89753866]], dtype=float32), array([[134.03494   , 278.00552   , 169.81714   , 345.24826   ,
          0.99277216],
       [187.4922    , 274.2158    , 210.9257    , 329.51913   ,
          0.9786581 ],
       [167.3535    , 286.1061    , 187.92366   , 334.8052    ,
          0.93631375],
       [296.41806   , 271.7568    , 336.61874   , 343.38486   ,
          0.9071987 ],
       [221.06256   , 280.25122   , 239.3034    , 317.40668   ,
          0.89753866]], dtype=float32), array([[134.03494   , 278.00552   , 169.81714   , 345.24826   ,
          0.99277216],
       [187.4922    , 274.2158    , 210.9257    , 329.51913   ,
          0.9786581 ],
       [167.3535    , 286.1061    , 187.92366   , 334.8052    ,
          0.93631375],
       [296.41806   , 271.7568    , 336.61874   , 343.38486   ,
          0.9071987 ],
       [221.06256   , 280.25122   , 239.3034    , 317.40668   ,
          0.89753866]], dtype=float32), array([[134.03494   , 278.00552   , 169.81714   , 345.24826   ,
          0.99277216],
       [187.4922    , 274.2158    , 210.9257    , 329.51913   ,
          0.9786581 ],
       [167.3535    , 286.1061    , 187.92366   , 334.8052    ,
          0.93631375],
       [296.41806   , 271.7568    , 336.61874   , 343.38486   ,
          0.9071987 ],
       [221.06256   , 280.25122   , 239.3034    , 317.40668   ,
          0.89753866]], dtype=float32), array([[119.79404   , 254.28067   , 185.88391   , 308.27432   ,
          0.66251135],
       [236.4186    , 270.51443   , 251.79936   , 302.57053   ,
          0.65644056]], dtype=float32), array([[119.79404   , 254.28067   , 185.88391   , 308.27432   ,
          0.66251135],
       [236.4186    , 270.51443   , 251.79936   , 302.57053   ,
          0.65644056]], dtype=float32), array([[221.72978  , 270.6364   , 238.7596   , 313.54327  ,   0.8488246]],
      dtype=float32), array([[232.4536    , 249.26453   , 235.79158   , 257.3777    ,
          0.89042354],
       [ 15.50472   , 137.44746   ,  30.37529   , 204.31673   ,
          0.76682913],
       [294.20462   , 207.11853   , 299.92398   , 228.02866   ,
          0.5594815 ],
       [130.76506   , 184.61009   , 137.14882   , 205.1197    ,
          0.55592346],
       [202.2297    , 214.03143   , 206.08044   , 226.2201    ,
          0.5525201 ]], dtype=float32), array([[232.4536    , 249.26453   , 235.79158   , 257.3777    ,
          0.89042354],
       [ 15.50472   , 137.44746   ,  30.37529   , 204.31673   ,
          0.76682913],
       [294.20462   , 207.11853   , 299.92398   , 228.02866   ,
          0.5594815 ],
       [130.76506   , 184.61009   , 137.14882   , 205.1197    ,
          0.55592346],
       [202.2297    , 214.03143   , 206.08044   , 226.2201    ,
          0.5525201 ]], dtype=float32), array([[232.4536    , 249.26453   , 235.79158   , 257.3777    ,
          0.89042354],
       [ 15.50472   , 137.44746   ,  30.37529   , 204.31673   ,
          0.76682913],
       [294.20462   , 207.11853   , 299.92398   , 228.02866   ,
          0.5594815 ],
       [130.76506   , 184.61009   , 137.14882   , 205.1197    ,
          0.55592346],
       [202.2297    , 214.03143   , 206.08044   , 226.2201    ,
          0.5525201 ]], dtype=float32), array([[232.4536    , 249.26453   , 235.79158   , 257.3777    ,
          0.89042354],
       [ 15.50472   , 137.44746   ,  30.37529   , 204.31673   ,
          0.76682913],
       [294.20462   , 207.11853   , 299.92398   , 228.02866   ,
          0.5594815 ],
       [130.76506   , 184.61009   , 137.14882   , 205.1197    ,
          0.55592346],
       [202.2297    , 214.03143   , 206.08044   , 226.2201    ,
          0.5525201 ]], dtype=float32), array([[232.4536    , 249.26453   , 235.79158   , 257.3777    ,
          0.89042354],
       [ 15.50472   , 137.44746   ,  30.37529   , 204.31673   ,
          0.76682913],
       [294.20462   , 207.11853   , 299.92398   , 228.02866   ,
          0.5594815 ],
       [130.76506   , 184.61009   , 137.14882   , 205.1197    ,
          0.55592346],
       [202.2297    , 214.03143   , 206.08044   , 226.2201    ,
          0.5525201 ]], dtype=float32), array([[ 46.128292 , 325.8173   ,  56.27238  , 355.51816  ,   0.5519523]],
      dtype=float32)]",
concept.jpg,['car'],['transport'],"['car', 'car']","[array([[348.19485  , 195.86836  , 411.25632  , 237.2401   ,   0.9943245],
       [ 18.02568  , 105.48265  , 352.47833  , 376.6772   ,   0.9580144]],
      dtype=float32), array([[348.19485  , 195.86836  , 411.25632  , 237.2401   ,   0.9943245],
       [ 18.02568  , 105.48265  , 352.47833  , 376.6772   ,   0.9580144]],
      dtype=float32)]",
dog.jpg,['dog'],['animal'],['dog'],"[array([[153.85773  ,  38.250046 , 318.4127   , 387.8401   ,   0.9946755]],
      dtype=float32)]",
dog2.jpg,['dog'],['animal'],['dog'],"[array([[138.26129   ,  38.907196  , 347.87863   , 414.3092    ,
          0.99890065]], dtype=float32)]",
handbag.jpg,"['person', 'handbag']","['person', 'wearable']","['person', 'person', 'person', 'person', 'handbag', 'handbag', 'handbag']","[array([[318.7868    ,   7.9528046 , 400.81824   , 409.3216    ,
          0.9994122 ],
       [  8.489849  ,   5.0512695 , 104.90184   , 425.19547   ,
          0.99886   ],
       [121.670654  ,  -8.707901  , 194.44604   , 426.65765   ,
          0.9972728 ],
       [223.83786   ,   8.065353  , 308.207     , 409.08838   ,
          0.98784435]], dtype=float32), array([[318.7868    ,   7.9528046 , 400.81824   , 409.3216    ,
          0.9994122 ],
       [  8.489849  ,   5.0512695 , 104.90184   , 425.19547   ,
          0.99886   ],
       [121.670654  ,  -8.707901  , 194.44604   , 426.65765   ,
          0.9972728 ],
       [223.83786   ,   8.065353  , 308.207     , 409.08838   ,
          0.98784435]], dtype=float32), array([[318.7868    ,   7.9528046 , 400.81824   , 409.3216    ,
          0.9994122 ],
       [  8.489849  ,   5.0512695 , 104.90184   , 425.19547   ,
          0.99886   ],
       [121.670654  ,  -8.707901  , 194.44604   , 426.65765   ,
          0.9972728 ],
       [223.83786   ,   8.065353  , 308.207     , 409.08838   ,
          0.98784435]], dtype=float32), array([[318.7868    ,   7.9528046 , 400.81824   , 409.3216    ,
          0.9994122 ],
       [  8.489849  ,   5.0512695 , 104.90184   , 425.19547   ,
          0.99886   ],
       [121.670654  ,  -8.707901  , 194.44604   , 426.65765   ,
          0.9972728 ],
       [223.83786   ,   8.065353  , 308.207     , 409.08838   ,
          0.98784435]], dtype=float32), array([[  4.174244  , 240.99051   ,  35.767162  , 313.63632   ,
          0.9302876 ],
       [229.9634    , 235.32086   , 258.11053   , 282.83698   ,
          0.86965406],
       [132.14337   , 196.70247   , 175.0989    , 238.50551   ,
          0.56035197]], dtype=float32), array([[  4.174244  , 240.99051   ,  35.767162  , 313.63632   ,
          0.9302876 ],
       [229.9634    , 235.32086   , 258.11053   , 282.83698   ,
          0.86965406],
       [132.14337   , 196.70247   , 175.0989    , 238.50551   ,
          0.56035197]], dtype=float32), array([[  4.174244  , 240.99051   ,  35.767162  , 313.63632   ,
          0.9302876 ],
       [229.9634    , 235.32086   , 258.11053   , 282.83698   ,
          0.86965406],
       [132.14337   , 196.70247   , 175.0989    , 238.50551   ,
          0.56035197]], dtype=float32)]",
handbag2.jpg,[],[],[],[],
lambo.jpg,['car'],['transport'],['car'],"[array([[ 58.305923  , 184.40509   , 355.5642    , 318.26636   ,
          0.99388844]], dtype=float32)]",
mobile.jpg,"['book', 'person', 'cell phone']","['other', 'person', 'gadget']","['person', 'person', 'person', 'person', 'person', 'person', 'cell phone', 'cell phone', 'book']","[array([[238.03503   ,  98.4449    , 376.14197   , 372.24347   ,
          0.9963536 ],
       [ 83.410675  ,  22.17337   , 339.4666    , 390.51828   ,
          0.9917664 ],
       [ -1.643364  ,  29.163345  , 107.34944   , 390.0692    ,
          0.936505  ],
       [371.7583    , -15.902817  , 416.1604    , 415.22644   ,
          0.9145926 ],
       [251.91962   , 101.18649   , 277.36523   , 168.42206   ,
          0.57536715],
       [316.6241    , 121.41213   , 371.9056    , 216.7681    ,
          0.52724105]], dtype=float32), array([[238.03503   ,  98.4449    , 376.14197   , 372.24347   ,
          0.9963536 ],
       [ 83.410675  ,  22.17337   , 339.4666    , 390.51828   ,
          0.9917664 ],
       [ -1.643364  ,  29.163345  , 107.34944   , 390.0692    ,
          0.936505  ],
       [371.7583    , -15.902817  , 416.1604    , 415.22644   ,
          0.9145926 ],
       [251.91962   , 101.18649   , 277.36523   , 168.42206   ,
          0.57536715],
       [316.6241    , 121.41213   , 371.9056    , 216.7681    ,
          0.52724105]], dtype=float32), array([[238.03503   ,  98.4449    , 376.14197   , 372.24347   ,
          0.9963536 ],
       [ 83.410675  ,  22.17337   , 339.4666    , 390.51828   ,
          0.9917664 ],
       [ -1.643364  ,  29.163345  , 107.34944   , 390.0692    ,
          0.936505  ],
       [371.7583    , -15.902817  , 416.1604    , 415.22644   ,
          0.9145926 ],
       [251.91962   , 101.18649   , 277.36523   , 168.42206   ,
          0.57536715],
       [316.6241    , 121.41213   , 371.9056    , 216.7681    ,
          0.52724105]], dtype=float32), array([[238.03503   ,  98.4449    , 376.14197   , 372.24347   ,
          0.9963536 ],
       [ 83.410675  ,  22.17337   , 339.4666    , 390.51828   ,
          0.9917664 ],
       [ -1.643364  ,  29.163345  , 107.34944   , 390.0692    ,
          0.936505  ],
       [371.7583    , -15.902817  , 416.1604    , 415.22644   ,
          0.9145926 ],
       [251.91962   , 101.18649   , 277.36523   , 168.42206   ,
          0.57536715],
       [316.6241    , 121.41213   , 371.9056    , 216.7681    ,
          0.52724105]], dtype=float32), array([[238.03503   ,  98.4449    , 376.14197   , 372.24347   ,
          0.9963536 ],
       [ 83.410675  ,  22.17337   , 339.4666    , 390.51828   ,
          0.9917664 ],
       [ -1.643364  ,  29.163345  , 107.34944   , 390.0692    ,
          0.936505  ],
       [371.7583    , -15.902817  , 416.1604    , 415.22644   ,
          0.9145926 ],
       [251.91962   , 101.18649   , 277.36523   , 168.42206   ,
          0.57536715],
       [316.6241    , 121.41213   , 371.9056    , 216.7681    ,
          0.52724105]], dtype=float32), array([[238.03503   ,  98.4449    , 376.14197   , 372.24347   ,
          0.9963536 ],
       [ 83.410675  ,  22.17337   , 339.4666    , 390.51828   ,
          0.9917664 ],
       [ -1.643364  ,  29.163345  , 107.34944   , 390.0692    ,
          0.936505  ],
       [371.7583    , -15.902817  , 416.1604    , 415.22644   ,
          0.9145926 ],
       [251.91962   , 101.18649   , 277.36523   , 168.42206   ,
          0.57536715],
       [316.6241    , 121.41213   , 371.9056    , 216.7681    ,
          0.52724105]], dtype=float32), array([[ 56.405743 , 262.7301   , 144.05882  , 337.4657   ,   0.8590232],
       [235.52107  , 174.5217   , 268.5274   , 205.20071  ,   0.7071285]],
      dtype=float32), array([[ 56.405743 , 262.7301   , 144.05882  , 337.4657   ,   0.8590232],
       [235.52107  , 174.5217   , 268.5274   , 205.20071  ,   0.7071285]],
      dtype=float32), array([[ 47.88368   , 264.66476   , 138.0969    , 343.3076    ,
          0.54241836]], dtype=float32)]",
phone.jpg,"['cell phone', 'diningtable']","['furniture', 'gadget']","['diningtable', 'cell phone']","[array([[  6.907181 ,  63.512222 , 409.05164  , 398.18903  ,   0.5087468]],
      dtype=float32), array([[  4.4050293 ,  21.96959   , 402.2917    , 388.97827   ,
          0.99374735]], dtype=float32)]",
phone2.jpg,['cell phone'],['gadget'],['cell phone'],"[array([[231.09857   ,  99.76085   , 397.55896   , 375.96375   ,
          0.91005355]], dtype=float32)]",
swift.jpg,['car'],['transport'],['car'],"[array([[ 28.871017  ,  69.83183   , 346.29523   , 366.80957   ,
          0.99834406]], dtype=float32)]",
toothbrush.jpg,['toothbrush'],['household'],"['toothbrush', 'toothbrush', 'toothbrush', 'toothbrush', 'toothbrush', 'toothbrush', 'toothbrush']","[array([[138.07603   , 157.80118   , 163.31017   , 437.77267   ,
          0.9474755 ],
       [253.96588   , 166.68724   , 279.9383    , 431.92523   ,
          0.92345726],
       [ 81.534805  , 181.69339   , 105.11078   , 411.24704   ,
          0.88702077],
       [311.21954   , 176.38089   , 334.81714   , 418.421     ,
          0.8591312 ],
       [ 24.253994  , 171.51367   ,  50.99879   , 422.60254   ,
          0.81734145],
       [193.41951   , 169.539     , 217.73528   , 427.06097   ,
          0.77956593],
       [369.19247   , 172.38007   , 392.57266   , 422.734     ,
          0.76185185]], dtype=float32), array([[138.07603   , 157.80118   , 163.31017   , 437.77267   ,
          0.9474755 ],
       [253.96588   , 166.68724   , 279.9383    , 431.92523   ,
          0.92345726],
       [ 81.534805  , 181.69339   , 105.11078   , 411.24704   ,
          0.88702077],
       [311.21954   , 176.38089   , 334.81714   , 418.421     ,
          0.8591312 ],
       [ 24.253994  , 171.51367   ,  50.99879   , 422.60254   ,
          0.81734145],
       [193.41951   , 169.539     , 217.73528   , 427.06097   ,
          0.77956593],
       [369.19247   , 172.38007   , 392.57266   , 422.734     ,
          0.76185185]], dtype=float32), array([[138.07603   , 157.80118   , 163.31017   , 437.77267   ,
          0.9474755 ],
       [253.96588   , 166.68724   , 279.9383    , 431.92523   ,
          0.92345726],
       [ 81.534805  , 181.69339   , 105.11078   , 411.24704   ,
          0.88702077],
       [311.21954   , 176.38089   , 334.81714   , 418.421     ,
          0.8591312 ],
       [ 24.253994  , 171.51367   ,  50.99879   , 422.60254   ,
          0.81734145],
       [193.41951   , 169.539     , 217.73528   , 427.06097   ,
          0.77956593],
       [369.19247   , 172.38007   , 392.57266   , 422.734     ,
          0.76185185]], dtype=float32), array([[138.07603   , 157.80118   , 163.31017   , 437.77267   ,
          0.9474755 ],
       [253.96588   , 166.68724   , 279.9383    , 431.92523   ,
          0.92345726],
       [ 81.534805  , 181.69339   , 105.11078   , 411.24704   ,
          0.88702077],
       [311.21954   , 176.38089   , 334.81714   , 418.421     ,
          0.8591312 ],
       [ 24.253994  , 171.51367   ,  50.99879   , 422.60254   ,
          0.81734145],
       [193.41951   , 169.539     , 217.73528   , 427.06097   ,
          0.77956593],
       [369.19247   , 172.38007   , 392.57266   , 422.734     ,
          0.76185185]], dtype=float32), array([[138.07603   , 157.80118   , 163.31017   , 437.77267   ,
          0.9474755 ],
       [253.96588   , 166.68724   , 279.9383    , 431.92523   ,
          0.92345726],
       [ 81.534805  , 181.69339   , 105.11078   , 411.24704   ,
          0.88702077],
       [311.21954   , 176.38089   , 334.81714   , 418.421     ,
          0.8591312 ],
       [ 24.253994  , 171.51367   ,  50.99879   , 422.60254   ,
          0.81734145],
       [193.41951   , 169.539     , 217.73528   , 427.06097   ,
          0.77956593],
       [369.19247   , 172.38007   , 392.57266   , 422.734     ,
          0.76185185]], dtype=float32), array([[138.07603   , 157.80118   , 163.31017   , 437.77267   ,
          0.9474755 ],
       [253.96588   , 166.68724   , 279.9383    , 431.92523   ,
          0.92345726],
       [ 81.534805  , 181.69339   , 105.11078   , 411.24704   ,
          0.88702077],
       [311.21954   , 176.38089   , 334.81714   , 418.421     ,
          0.8591312 ],
       [ 24.253994  , 171.51367   ,  50.99879   , 422.60254   ,
          0.81734145],
       [193.41951   , 169.539     , 217.73528   , 427.06097   ,
          0.77956593],
       [369.19247   , 172.38007   , 392.57266   , 422.734     ,
          0.76185185]], dtype=float32), array([[138.07603   , 157.80118   , 163.31017   , 437.77267   ,
          0.9474755 ],
       [253.96588   , 166.68724   , 279.9383    , 431.92523   ,
          0.92345726],
       [ 81.534805  , 181.69339   , 105.11078   , 411.24704   ,
          0.88702077],
       [311.21954   , 176.38089   , 334.81714   , 418.421     ,
          0.8591312 ],
       [ 24.253994  , 171.51367   ,  50.99879   , 422.60254   ,
          0.81734145],
       [193.41951   , 169.539     , 217.73528   , 427.06097   ,
          0.77956593],
       [369.19247   , 172.38007   , 392.57266   , 422.734     ,
          0.76185185]], dtype=float32)]",
toothbrush2.jpg,"['person', 'toothbrush']","['person', 'household']","['person', 'toothbrush']","[array([[256.25317   , 137.4797    , 411.52338   , 293.23383   ,
          0.81114304]], dtype=float32), array([[ 94.34317   , 242.327     , 386.08673   , 291.2507    ,
          0.65927887]], dtype=float32)]",
zebra.jpg,['zebra'],['animal'],['zebra'],"[array([[ -4.1147614,  13.063614 , 332.98633  , 415.4176   ,   0.9999838]],
      dtype=float32)]",
zebra2.jpg,['zebra'],['animal'],['zebra'],"[array([[ 62.734253  ,  45.22061   , 363.69885   , 370.7225    ,
          0.99998295]], dtype=float32)]",
